--
-- PostgreSQL database dump
--

\restrict gwLhYa3OOedIiizxb9iWfQ65maEoBEppeCu6OWJYAUiBpx4cvsIWfXsS6vMBBWU

-- Dumped from database version 16.11
-- Dumped by pg_dump version 16.11

-- Started on 2026-02-09 20:20:01

SET statement_timeout = 0;
SET lock_timeout = 0;
SET idle_in_transaction_session_timeout = 0;
SET client_encoding = 'UTF8';
SET standard_conforming_strings = on;
SELECT pg_catalog.set_config('search_path', '', false);
SET check_function_bodies = false;
SET xmloption = content;
SET client_min_messages = warning;
SET row_security = off;

SET default_tablespace = '';

SET default_table_access_method = heap;

--
-- TOC entry 237 (class 1259 OID 16719)
-- Name: Archives_cart; Type: TABLE; Schema: public; Owner: -
--

CREATE TABLE public."Archives_cart" (
    id bigint NOT NULL,
    created_at timestamp with time zone NOT NULL,
    updated_at timestamp with time zone NOT NULL,
    user_id bigint NOT NULL
);


--
-- TOC entry 236 (class 1259 OID 16718)
-- Name: Archives_cart_id_seq; Type: SEQUENCE; Schema: public; Owner: -
--

ALTER TABLE public."Archives_cart" ALTER COLUMN id ADD GENERATED BY DEFAULT AS IDENTITY (
    SEQUENCE NAME public."Archives_cart_id_seq"
    START WITH 1
    INCREMENT BY 1
    NO MINVALUE
    NO MAXVALUE
    CACHE 1
);


--
-- TOC entry 241 (class 1259 OID 16737)
-- Name: Archives_cartitem; Type: TABLE; Schema: public; Owner: -
--

CREATE TABLE public."Archives_cartitem" (
    id bigint NOT NULL,
    quantity integer NOT NULL,
    cart_id bigint NOT NULL,
    product_id bigint NOT NULL,
    CONSTRAINT "Archives_cartitem_quantity_check" CHECK ((quantity >= 0))
);


--
-- TOC entry 240 (class 1259 OID 16736)
-- Name: Archives_cartitem_id_seq; Type: SEQUENCE; Schema: public; Owner: -
--

ALTER TABLE public."Archives_cartitem" ALTER COLUMN id ADD GENERATED BY DEFAULT AS IDENTITY (
    SEQUENCE NAME public."Archives_cartitem_id_seq"
    START WITH 1
    INCREMENT BY 1
    NO MINVALUE
    NO MAXVALUE
    CACHE 1
);


--
-- TOC entry 235 (class 1259 OID 16707)
-- Name: Archives_category; Type: TABLE; Schema: public; Owner: -
--

CREATE TABLE public."Archives_category" (
    id bigint NOT NULL,
    name character varying(255) NOT NULL,
    slug character varying(255) NOT NULL,
    created_at timestamp with time zone NOT NULL
);


--
-- TOC entry 234 (class 1259 OID 16706)
-- Name: Archives_category_id_seq; Type: SEQUENCE; Schema: public; Owner: -
--

ALTER TABLE public."Archives_category" ALTER COLUMN id ADD GENERATED BY DEFAULT AS IDENTITY (
    SEQUENCE NAME public."Archives_category_id_seq"
    START WITH 1
    INCREMENT BY 1
    NO MINVALUE
    NO MAXVALUE
    CACHE 1
);


--
-- TOC entry 239 (class 1259 OID 16727)
-- Name: Archives_product; Type: TABLE; Schema: public; Owner: -
--

CREATE TABLE public."Archives_product" (
    id bigint NOT NULL,
    name character varying(255) NOT NULL,
    slug character varying(255) NOT NULL,
    description text NOT NULL,
    price numeric(10,2) NOT NULL,
    stock integer NOT NULL,
    created_at timestamp with time zone NOT NULL,
    updated_at timestamp with time zone NOT NULL,
    category_id bigint NOT NULL
);


--
-- TOC entry 238 (class 1259 OID 16726)
-- Name: Archives_product_id_seq; Type: SEQUENCE; Schema: public; Owner: -
--

ALTER TABLE public."Archives_product" ALTER COLUMN id ADD GENERATED BY DEFAULT AS IDENTITY (
    SEQUENCE NAME public."Archives_product_id_seq"
    START WITH 1
    INCREMENT BY 1
    NO MINVALUE
    NO MAXVALUE
    CACHE 1
);


--
-- TOC entry 226 (class 1259 OID 16617)
-- Name: archives_users; Type: TABLE; Schema: public; Owner: -
--

CREATE TABLE public.archives_users (
    id bigint NOT NULL,
    username character varying(150) NOT NULL,
    email character varying(254) NOT NULL,
    phone character varying(20) NOT NULL,
    password character varying(255) NOT NULL,
    created_at timestamp with time zone NOT NULL,
    updated_at timestamp with time zone NOT NULL,
    is_active boolean NOT NULL,
    is_verified boolean NOT NULL,
    otp character varying(6),
    otp_created_at timestamp with time zone,
    is_staff boolean NOT NULL,
    is_superuser boolean NOT NULL,
    last_login timestamp with time zone
);


--
-- TOC entry 228 (class 1259 OID 16635)
-- Name: archives_users_groups; Type: TABLE; Schema: public; Owner: -
--

CREATE TABLE public.archives_users_groups (
    id bigint NOT NULL,
    user_id bigint NOT NULL,
    group_id integer NOT NULL
);


--
-- TOC entry 227 (class 1259 OID 16634)
-- Name: archives_users_groups_id_seq; Type: SEQUENCE; Schema: public; Owner: -
--

ALTER TABLE public.archives_users_groups ALTER COLUMN id ADD GENERATED BY DEFAULT AS IDENTITY (
    SEQUENCE NAME public.archives_users_groups_id_seq
    START WITH 1
    INCREMENT BY 1
    NO MINVALUE
    NO MAXVALUE
    CACHE 1
);


--
-- TOC entry 225 (class 1259 OID 16616)
-- Name: archives_users_id_seq; Type: SEQUENCE; Schema: public; Owner: -
--

ALTER TABLE public.archives_users ALTER COLUMN id ADD GENERATED BY DEFAULT AS IDENTITY (
    SEQUENCE NAME public.archives_users_id_seq
    START WITH 1
    INCREMENT BY 1
    NO MINVALUE
    NO MAXVALUE
    CACHE 1
);


--
-- TOC entry 230 (class 1259 OID 16643)
-- Name: archives_users_user_permissions; Type: TABLE; Schema: public; Owner: -
--

CREATE TABLE public.archives_users_user_permissions (
    id bigint NOT NULL,
    user_id bigint NOT NULL,
    permission_id integer NOT NULL
);


--
-- TOC entry 229 (class 1259 OID 16642)
-- Name: archives_users_user_permissions_id_seq; Type: SEQUENCE; Schema: public; Owner: -
--

ALTER TABLE public.archives_users_user_permissions ALTER COLUMN id ADD GENERATED BY DEFAULT AS IDENTITY (
    SEQUENCE NAME public.archives_users_user_permissions_id_seq
    START WITH 1
    INCREMENT BY 1
    NO MINVALUE
    NO MAXVALUE
    CACHE 1
);


--
-- TOC entry 222 (class 1259 OID 16577)
-- Name: auth_group; Type: TABLE; Schema: public; Owner: -
--

CREATE TABLE public.auth_group (
    id integer NOT NULL,
    name character varying(150) NOT NULL
);


--
-- TOC entry 221 (class 1259 OID 16576)
-- Name: auth_group_id_seq; Type: SEQUENCE; Schema: public; Owner: -
--

ALTER TABLE public.auth_group ALTER COLUMN id ADD GENERATED BY DEFAULT AS IDENTITY (
    SEQUENCE NAME public.auth_group_id_seq
    START WITH 1
    INCREMENT BY 1
    NO MINVALUE
    NO MAXVALUE
    CACHE 1
);


--
-- TOC entry 224 (class 1259 OID 16585)
-- Name: auth_group_permissions; Type: TABLE; Schema: public; Owner: -
--

CREATE TABLE public.auth_group_permissions (
    id bigint NOT NULL,
    group_id integer NOT NULL,
    permission_id integer NOT NULL
);


--
-- TOC entry 223 (class 1259 OID 16584)
-- Name: auth_group_permissions_id_seq; Type: SEQUENCE; Schema: public; Owner: -
--

ALTER TABLE public.auth_group_permissions ALTER COLUMN id ADD GENERATED BY DEFAULT AS IDENTITY (
    SEQUENCE NAME public.auth_group_permissions_id_seq
    START WITH 1
    INCREMENT BY 1
    NO MINVALUE
    NO MAXVALUE
    CACHE 1
);


--
-- TOC entry 220 (class 1259 OID 16571)
-- Name: auth_permission; Type: TABLE; Schema: public; Owner: -
--

CREATE TABLE public.auth_permission (
    id integer NOT NULL,
    name character varying(255) NOT NULL,
    content_type_id integer NOT NULL,
    codename character varying(100) NOT NULL
);


--
-- TOC entry 219 (class 1259 OID 16570)
-- Name: auth_permission_id_seq; Type: SEQUENCE; Schema: public; Owner: -
--

ALTER TABLE public.auth_permission ALTER COLUMN id ADD GENERATED BY DEFAULT AS IDENTITY (
    SEQUENCE NAME public.auth_permission_id_seq
    START WITH 1
    INCREMENT BY 1
    NO MINVALUE
    NO MAXVALUE
    CACHE 1
);


--
-- TOC entry 232 (class 1259 OID 16677)
-- Name: django_admin_log; Type: TABLE; Schema: public; Owner: -
--

CREATE TABLE public.django_admin_log (
    id integer NOT NULL,
    action_time timestamp with time zone NOT NULL,
    object_id text,
    object_repr character varying(200) NOT NULL,
    action_flag smallint NOT NULL,
    change_message text NOT NULL,
    content_type_id integer,
    user_id bigint NOT NULL,
    CONSTRAINT django_admin_log_action_flag_check CHECK ((action_flag >= 0))
);


--
-- TOC entry 231 (class 1259 OID 16676)
-- Name: django_admin_log_id_seq; Type: SEQUENCE; Schema: public; Owner: -
--

ALTER TABLE public.django_admin_log ALTER COLUMN id ADD GENERATED BY DEFAULT AS IDENTITY (
    SEQUENCE NAME public.django_admin_log_id_seq
    START WITH 1
    INCREMENT BY 1
    NO MINVALUE
    NO MAXVALUE
    CACHE 1
);


--
-- TOC entry 218 (class 1259 OID 16563)
-- Name: django_content_type; Type: TABLE; Schema: public; Owner: -
--

CREATE TABLE public.django_content_type (
    id integer NOT NULL,
    app_label character varying(100) NOT NULL,
    model character varying(100) NOT NULL
);


--
-- TOC entry 217 (class 1259 OID 16562)
-- Name: django_content_type_id_seq; Type: SEQUENCE; Schema: public; Owner: -
--

ALTER TABLE public.django_content_type ALTER COLUMN id ADD GENERATED BY DEFAULT AS IDENTITY (
    SEQUENCE NAME public.django_content_type_id_seq
    START WITH 1
    INCREMENT BY 1
    NO MINVALUE
    NO MAXVALUE
    CACHE 1
);


--
-- TOC entry 216 (class 1259 OID 16555)
-- Name: django_migrations; Type: TABLE; Schema: public; Owner: -
--

CREATE TABLE public.django_migrations (
    id bigint NOT NULL,
    app character varying(255) NOT NULL,
    name character varying(255) NOT NULL,
    applied timestamp with time zone NOT NULL
);


--
-- TOC entry 215 (class 1259 OID 16554)
-- Name: django_migrations_id_seq; Type: SEQUENCE; Schema: public; Owner: -
--

ALTER TABLE public.django_migrations ALTER COLUMN id ADD GENERATED BY DEFAULT AS IDENTITY (
    SEQUENCE NAME public.django_migrations_id_seq
    START WITH 1
    INCREMENT BY 1
    NO MINVALUE
    NO MAXVALUE
    CACHE 1
);


--
-- TOC entry 233 (class 1259 OID 16697)
-- Name: django_session; Type: TABLE; Schema: public; Owner: -
--

CREATE TABLE public.django_session (
    session_key character varying(40) NOT NULL,
    session_data text NOT NULL,
    expire_date timestamp with time zone NOT NULL
);


--
-- TOC entry 5056 (class 0 OID 16719)
-- Dependencies: 237
-- Data for Name: Archives_cart; Type: TABLE DATA; Schema: public; Owner: -
--

COPY public."Archives_cart" (id, created_at, updated_at, user_id) FROM stdin;
\.


--
-- TOC entry 5060 (class 0 OID 16737)
-- Dependencies: 241
-- Data for Name: Archives_cartitem; Type: TABLE DATA; Schema: public; Owner: -
--

COPY public."Archives_cartitem" (id, quantity, cart_id, product_id) FROM stdin;
\.


--
-- TOC entry 5054 (class 0 OID 16707)
-- Dependencies: 235
-- Data for Name: Archives_category; Type: TABLE DATA; Schema: public; Owner: -
--

COPY public."Archives_category" (id, name, slug, created_at) FROM stdin;
1	Audio	audio	2026-02-07 16:29:22.124363+05:30
2	Computing	computing	2026-02-07 16:29:22.124363+05:30
3	Photography	photography	2026-02-07 16:29:22.125367+05:30
4	Gaming	gaming	2026-02-07 16:29:22.126377+05:30
5	Television	television	2026-02-07 16:29:22.126377+05:30
\.


--
-- TOC entry 5058 (class 0 OID 16727)
-- Dependencies: 239
-- Data for Name: Archives_product; Type: TABLE DATA; Schema: public; Owner: -
--

COPY public."Archives_product" (id, name, slug, description, price, stock, created_at, updated_at, category_id) FROM stdin;
8	IBM Model M Keyboard	ibm-model-m-keyboard	Buckling spring perfection. The keyboard against which all others are measured.	380.00	15	2026-02-07 16:29:22.136503+05:30	2026-02-07 16:38:21.680997+05:30	2
9	Atari 2600	atari-2600	The console that started it all. Woodgrain and wonder from 1977.	420.00	12	2026-02-07 16:29:22.137508+05:30	2026-02-07 16:38:21.680997+05:30	4
10	Technics SL-1200 MK2	technics-sl-1200-mk2	Direct drive. Infinite control. The turntable that built hip-hop. DJ essential since 1979.	1600.00	6	2026-02-07 16:29:22.137508+05:30	2026-02-07 16:38:21.685674+05:30	1
11	Commodore 64	commodore-64	The best-selling computer of all time. The people's computer. 64K of power, 17 million sold.	520.00	8	2026-02-07 16:29:22.138503+05:30	2026-02-07 16:38:21.687797+05:30	2
12	Leica M3	leica-m3	The camera that defined photojournalism. German precision from 1954.	3600.00	2	2026-02-07 16:29:22.139506+05:30	2026-02-07 16:38:21.687797+05:30	3
1	Sony Walkman TPS-L2	sony-walkman-tps-l2	The original Sony Walkman, released in 1979. A revolutionary portable cassette player that defined a generation.	2400.00	5	2026-02-07 16:29:22.127942+05:30	2026-02-07 16:38:21.687797+05:30	1
2	Apple Macintosh 128K	apple-macintosh-128k	The original Macintosh, introduced in 1984. The first commercially successful personal computer with a graphical user interface.	4800.00	3	2026-02-07 16:29:22.131978+05:30	2026-02-07 16:38:21.687797+05:30	2
3	Polaroid SX-70	polaroid-sx-70	The revolutionary folding SLR instant camera from 1972. An engineering and design masterpiece.	1800.00	8	2026-02-07 16:29:22.132965+05:30	2026-02-07 16:38:21.687797+05:30	3
4	Nintendo Entertainment System	nintendo-entertainment-system	The console that revived home gaming. Released 1985 in North America.	680.00	10	2026-02-07 16:29:22.133963+05:30	2026-02-07 16:38:21.687797+05:30	4
5	Braun T1000 World Receiver	braun-t1000-world-receiver	Dieter Rams' masterpiece. A multi-band portable radio from 1963.	3200.00	2	2026-02-07 16:29:22.133963+05:30	2026-02-07 16:38:21.687797+05:30	1
6	Sony Trinitron KV-1310	sony-trinitron-kv-1310	The television that defined color. Sony's revolutionary Trinitron from 1968.	1400.00	4	2026-02-07 16:29:22.135494+05:30	2026-02-07 16:38:21.687797+05:30	5
7	Hasselblad 500C	hasselblad-500c	Swedish precision. Medium format perfection. Introduced 1957.	2800.00	3	2026-02-07 16:29:22.136503+05:30	2026-02-07 16:38:21.687797+05:30	3
\.


--
-- TOC entry 5045 (class 0 OID 16617)
-- Dependencies: 226
-- Data for Name: archives_users; Type: TABLE DATA; Schema: public; Owner: -
--

COPY public.archives_users (id, username, email, phone, password, created_at, updated_at, is_active, is_verified, otp, otp_created_at, is_staff, is_superuser, last_login) FROM stdin;
9	Aarya	aaryanadiger@gmail.com	7845674157	pbkdf2_sha256$1000000$07jXF0WlcPfocB88aZJYzM$SRfrZ6v7VdSNA9fXoiPhHNhVL5iXVuYGJWr6w9rpFss=	2026-02-07 16:29:22.097351+05:30	2026-02-07 16:29:22.097351+05:30	t	t	\N	\N	f	f	\N
8	Dhaval	prithish2605@gmail.com	7845672197	pbkdf2_sha256$1000000$1KmDfdt6BnGljlvJsw0pTp$MwD4+8v5M7W6Q368iPyVQOR7javT0npLRDketpo0MhU=	2026-02-07 16:29:22.118385+05:30	2026-02-07 16:29:22.118385+05:30	t	t	\N	\N	f	f	\N
7	GPT	atharvalin32@gmail.com	1248765740	pbkdf2_sha256$1000000$ZqVD5WuICPSHAnPAJCEnD7$dTGWhd9W7qrBODCQAJZ7Pc7wdYsebD1IFy81HHrrOKk=	2026-02-07 16:29:22.119372+05:30	2026-02-07 16:29:22.119372+05:30	t	t	\N	\N	f	f	\N
6	test_user_abc123	test_user_abc123@example.com	+15551234567	pbkdf2_sha256$1000000$moMcfpO9SSTRlmu2mXm0VT$0BHGiCzGsChDCkjdR/bB3xFfrZZPLl3ILQMIq5ioQ6M=	2026-02-07 16:29:22.120363+05:30	2026-02-07 16:29:22.120363+05:30	t	t	\N	\N	f	f	\N
5	Example	vrunda.sandam@gmail.com	4567913247	pbkdf2_sha256$1000000$W6SbnVQF3xOX8MVu4XGS3p$EI6Lfzt9dO/2hlT0AdQ3lj4LadQFGpZ7RR/lQyEuuQs=	2026-02-07 16:29:22.120363+05:30	2026-02-07 16:29:22.120363+05:30	t	t	\N	\N	f	f	\N
4	Elen	rocky@gmail.com	7896547851	pbkdf2_sha256$1000000$hGqbm0X5o2XyzSb1OjZNhp$J9MitjwgmAsDMbJDjeAPc6MYKs86Oqy1kCZDu2itkbA=	2026-02-07 16:29:22.121363+05:30	2026-02-07 16:29:22.121363+05:30	t	f	421381	2026-02-03 21:38:07.177388+05:30	f	f	\N
3	Naman	sandamrocky@gmail.com	7895642184	pbkdf2_sha256$1000000$lnA9SLFeKQxew37v950P5W$i2/uJhufJNQgOjlkk5p+nGZfd1txtwPdXGMaP9Y0IQM=	2026-02-07 16:29:22.122363+05:30	2026-02-07 16:29:22.122363+05:30	t	t	\N	\N	f	f	\N
2	Kush	kush.sandam@gmail.com	7539684214	pbkdf2_sha256$1000000$zSfdxl9kOUHfiTnmzCBo6h$205bxjKi7+pX4yhjrw2466/9S90pdR0JabUkDwBuSCU=	2026-02-07 16:29:22.122363+05:30	2026-02-07 16:29:22.122363+05:30	t	t	\N	\N	f	f	\N
1	Kavya	kushsandam1503@gmail.com	9653284091	pbkdf2_sha256$1000000$3i98cXYjf6NtXzmqwWZKRS$WwTBU/TbUIpN+Rg3Qx8QBaXzJ/TBTG3zUaj55wN2NYU=	2026-02-07 16:29:22.123367+05:30	2026-02-07 16:29:22.123367+05:30	t	f	\N	\N	t	f	\N
\.


--
-- TOC entry 5047 (class 0 OID 16635)
-- Dependencies: 228
-- Data for Name: archives_users_groups; Type: TABLE DATA; Schema: public; Owner: -
--

COPY public.archives_users_groups (id, user_id, group_id) FROM stdin;
\.


--
-- TOC entry 5049 (class 0 OID 16643)
-- Dependencies: 230
-- Data for Name: archives_users_user_permissions; Type: TABLE DATA; Schema: public; Owner: -
--

COPY public.archives_users_user_permissions (id, user_id, permission_id) FROM stdin;
\.


--
-- TOC entry 5041 (class 0 OID 16577)
-- Dependencies: 222
-- Data for Name: auth_group; Type: TABLE DATA; Schema: public; Owner: -
--

COPY public.auth_group (id, name) FROM stdin;
\.


--
-- TOC entry 5043 (class 0 OID 16585)
-- Dependencies: 224
-- Data for Name: auth_group_permissions; Type: TABLE DATA; Schema: public; Owner: -
--

COPY public.auth_group_permissions (id, group_id, permission_id) FROM stdin;
\.


--
-- TOC entry 5039 (class 0 OID 16571)
-- Dependencies: 220
-- Data for Name: auth_permission; Type: TABLE DATA; Schema: public; Owner: -
--

COPY public.auth_permission (id, name, content_type_id, codename) FROM stdin;
1	Can add user	1	add_user
2	Can change user	1	change_user
3	Can delete user	1	delete_user
4	Can view user	1	view_user
5	Can add log entry	2	add_logentry
6	Can change log entry	2	change_logentry
7	Can delete log entry	2	delete_logentry
8	Can view log entry	2	view_logentry
9	Can add permission	3	add_permission
10	Can change permission	3	change_permission
11	Can delete permission	3	delete_permission
12	Can view permission	3	view_permission
13	Can add group	4	add_group
14	Can change group	4	change_group
15	Can delete group	4	delete_group
16	Can view group	4	view_group
17	Can add content type	5	add_contenttype
18	Can change content type	5	change_contenttype
19	Can delete content type	5	delete_contenttype
20	Can view content type	5	view_contenttype
21	Can add session	6	add_session
22	Can change session	6	change_session
23	Can delete session	6	delete_session
24	Can view session	6	view_session
25	Can add product	7	add_product
26	Can change product	7	change_product
27	Can delete product	7	delete_product
28	Can view product	7	view_product
29	Can add cart item	8	add_cartitem
30	Can change cart item	8	change_cartitem
31	Can delete cart item	8	delete_cartitem
32	Can view cart item	8	view_cartitem
33	Can add category	9	add_category
34	Can change category	9	change_category
35	Can delete category	9	delete_category
36	Can view category	9	view_category
37	Can add cart	10	add_cart
38	Can change cart	10	change_cart
39	Can delete cart	10	delete_cart
40	Can view cart	10	view_cart
\.


--
-- TOC entry 5051 (class 0 OID 16677)
-- Dependencies: 232
-- Data for Name: django_admin_log; Type: TABLE DATA; Schema: public; Owner: -
--

COPY public.django_admin_log (id, action_time, object_id, object_repr, action_flag, change_message, content_type_id, user_id) FROM stdin;
\.


--
-- TOC entry 5037 (class 0 OID 16563)
-- Dependencies: 218
-- Data for Name: django_content_type; Type: TABLE DATA; Schema: public; Owner: -
--

COPY public.django_content_type (id, app_label, model) FROM stdin;
1	Archives	user
2	admin	logentry
3	auth	permission
4	auth	group
5	contenttypes	contenttype
6	sessions	session
7	Archives	product
8	Archives	cartitem
9	Archives	category
10	Archives	cart
\.


--
-- TOC entry 5035 (class 0 OID 16555)
-- Dependencies: 216
-- Data for Name: django_migrations; Type: TABLE DATA; Schema: public; Owner: -
--

COPY public.django_migrations (id, app, name, applied) FROM stdin;
1	contenttypes	0001_initial	2026-02-01 12:14:03.317799+05:30
2	contenttypes	0002_remove_content_type_name	2026-02-01 12:14:03.331492+05:30
3	auth	0001_initial	2026-02-01 12:14:03.401889+05:30
4	auth	0002_alter_permission_name_max_length	2026-02-01 12:14:03.409909+05:30
5	auth	0003_alter_user_email_max_length	2026-02-01 12:14:03.414577+05:30
6	auth	0004_alter_user_username_opts	2026-02-01 12:14:03.418625+05:30
7	auth	0005_alter_user_last_login_null	2026-02-01 12:14:03.425691+05:30
8	auth	0006_require_contenttypes_0002	2026-02-01 12:14:03.428546+05:30
9	auth	0007_alter_validators_add_error_messages	2026-02-01 12:14:03.433998+05:30
10	auth	0008_alter_user_username_max_length	2026-02-01 12:14:03.439828+05:30
11	auth	0009_alter_user_last_name_max_length	2026-02-01 12:14:03.445612+05:30
12	auth	0010_alter_group_name_max_length	2026-02-01 12:14:03.455598+05:30
13	auth	0011_update_proxy_permissions	2026-02-01 12:14:03.461022+05:30
14	auth	0012_alter_user_first_name_max_length	2026-02-01 12:14:03.467189+05:30
15	Archives	0001_initial	2026-02-01 12:14:03.499632+05:30
16	Archives	0002_user_is_verified_user_otp_user_otp_created_at	2026-02-01 12:14:03.51406+05:30
17	Archives	0003_user_groups_user_is_staff_user_is_superuser_and_more	2026-02-01 12:14:03.595349+05:30
18	admin	0001_initial	2026-02-01 12:14:03.625821+05:30
19	admin	0002_logentry_remove_auto_add	2026-02-01 12:14:03.636793+05:30
20	admin	0003_logentry_add_action_flag_choices	2026-02-01 12:14:03.646614+05:30
21	sessions	0001_initial	2026-02-01 12:14:03.663666+05:30
22	Archives	0004_category_cart_product_cartitem	2026-02-06 12:44:33.998744+05:30
23	Archives	0005_alter_product_image	2026-02-06 13:25:10.360804+05:30
24	Archives	0006_product_image_url_alter_product_image	2026-02-07 16:37:18.46845+05:30
25	Archives	0007_remove_product_image_remove_product_image_url	2026-02-07 16:41:57.087401+05:30
\.


--
-- TOC entry 5052 (class 0 OID 16697)
-- Dependencies: 233
-- Data for Name: django_session; Type: TABLE DATA; Schema: public; Owner: -
--

COPY public.django_session (session_key, session_data, expire_date) FROM stdin;
qpdj57dhtet2kvf92dvleluhyzlakibb	.eJxVjsEOgjAQRP-lZ9NsKS3gyXjXXyBbugXEtgmFgzH-uyUSo7edebOTebIW12Vo10RzO1p2ZIIdfj2D3URhA_aGoY-8i2GZR8O3CN9p4pdo6X7es38FA6YhfwMoqR2JwoAiYTQBEKlGUVnUBREgSSsrUFY5LGuCUjgkZ3VlG6OFqnLpd6P83AE95eYregwZk8fxnnXCYNHPsZsep37z8mTPXm8s-k1A:1vmRVo:eNPWWtmlgmQrPlcyuegbsbCnBAXCe31eSHGXPoWgvEk	2026-02-15 12:34:48.808282+05:30
sb9ef73sft7zmifxudydmamlip123e2f	.eJyrViotTi2Kz0xRsjLTAbPzEnNTlayUSlKLS-LBcolJyYZGxko6Sqm5iZk5WKQcUisScwtyUvWS83OVagGTIhxn:1vnbpk:mAul5Fcv1f4Ed6bj5lWR3jueNgAHMpeKBVwAFyuFPA0	2026-02-18 17:48:12.471759+05:30
1bd3incml89xhor5xipp4hlx4qb3gms5	eyJ1c2VyX2lkIjo2LCJ1c2VybmFtZSI6InRlc3RfdXNlcl9hYmMxMjMifQ:1vnbpy:GcL6zQgT9y2dQcRzdXP3S8yOPi9kOuRxmCMMopnaq0k	2026-02-18 17:48:26.355885+05:30
rf45hdhgzwmsf2qqqavtgsyfqpvv33kn	eyJ1c2VyX2lkIjo5LCJ1c2VybmFtZSI6IkFhcnlhIiwiZW1haWwiOiJhYXJ5YW5hZGlnZXJAZ21haWwuY29tIn0:1voGkM:wi7-Z7cr207V2K8chd129JOumxs3q8CMq2f3z09AQPw	2026-02-20 13:29:22.015648+05:30
\.


--
-- TOC entry 5066 (class 0 OID 0)
-- Dependencies: 236
-- Name: Archives_cart_id_seq; Type: SEQUENCE SET; Schema: public; Owner: -
--

SELECT pg_catalog.setval('public."Archives_cart_id_seq"', 1, false);


--
-- TOC entry 5067 (class 0 OID 0)
-- Dependencies: 240
-- Name: Archives_cartitem_id_seq; Type: SEQUENCE SET; Schema: public; Owner: -
--

SELECT pg_catalog.setval('public."Archives_cartitem_id_seq"', 1, false);


--
-- TOC entry 5068 (class 0 OID 0)
-- Dependencies: 234
-- Name: Archives_category_id_seq; Type: SEQUENCE SET; Schema: public; Owner: -
--

SELECT pg_catalog.setval('public."Archives_category_id_seq"', 5, true);


--
-- TOC entry 5069 (class 0 OID 0)
-- Dependencies: 238
-- Name: Archives_product_id_seq; Type: SEQUENCE SET; Schema: public; Owner: -
--

SELECT pg_catalog.setval('public."Archives_product_id_seq"', 12, true);


--
-- TOC entry 5070 (class 0 OID 0)
-- Dependencies: 227
-- Name: archives_users_groups_id_seq; Type: SEQUENCE SET; Schema: public; Owner: -
--

SELECT pg_catalog.setval('public.archives_users_groups_id_seq', 1, false);


--
-- TOC entry 5071 (class 0 OID 0)
-- Dependencies: 225
-- Name: archives_users_id_seq; Type: SEQUENCE SET; Schema: public; Owner: -
--

SELECT pg_catalog.setval('public.archives_users_id_seq', 9, true);


--
-- TOC entry 5072 (class 0 OID 0)
-- Dependencies: 229
-- Name: archives_users_user_permissions_id_seq; Type: SEQUENCE SET; Schema: public; Owner: -
--

SELECT pg_catalog.setval('public.archives_users_user_permissions_id_seq', 1, false);


--
-- TOC entry 5073 (class 0 OID 0)
-- Dependencies: 221
-- Name: auth_group_id_seq; Type: SEQUENCE SET; Schema: public; Owner: -
--

SELECT pg_catalog.setval('public.auth_group_id_seq', 1, false);


--
-- TOC entry 5074 (class 0 OID 0)
-- Dependencies: 223
-- Name: auth_group_permissions_id_seq; Type: SEQUENCE SET; Schema: public; Owner: -
--

SELECT pg_catalog.setval('public.auth_group_permissions_id_seq', 1, false);


--
-- TOC entry 5075 (class 0 OID 0)
-- Dependencies: 219
-- Name: auth_permission_id_seq; Type: SEQUENCE SET; Schema: public; Owner: -
--

SELECT pg_catalog.setval('public.auth_permission_id_seq', 40, true);


--
-- TOC entry 5076 (class 0 OID 0)
-- Dependencies: 231
-- Name: django_admin_log_id_seq; Type: SEQUENCE SET; Schema: public; Owner: -
--

SELECT pg_catalog.setval('public.django_admin_log_id_seq', 1, false);


--
-- TOC entry 5077 (class 0 OID 0)
-- Dependencies: 217
-- Name: django_content_type_id_seq; Type: SEQUENCE SET; Schema: public; Owner: -
--

SELECT pg_catalog.setval('public.django_content_type_id_seq', 10, true);


--
-- TOC entry 5078 (class 0 OID 0)
-- Dependencies: 215
-- Name: django_migrations_id_seq; Type: SEQUENCE SET; Schema: public; Owner: -
--

SELECT pg_catalog.setval('public.django_migrations_id_seq', 25, true);


--
-- TOC entry 4863 (class 2606 OID 16723)
-- Name: Archives_cart Archives_cart_pkey; Type: CONSTRAINT; Schema: public; Owner: -
--

ALTER TABLE ONLY public."Archives_cart"
    ADD CONSTRAINT "Archives_cart_pkey" PRIMARY KEY (id);


--
-- TOC entry 4865 (class 2606 OID 16725)
-- Name: Archives_cart Archives_cart_user_id_key; Type: CONSTRAINT; Schema: public; Owner: -
--

ALTER TABLE ONLY public."Archives_cart"
    ADD CONSTRAINT "Archives_cart_user_id_key" UNIQUE (user_id);


--
-- TOC entry 4874 (class 2606 OID 16758)
-- Name: Archives_cartitem Archives_cartitem_cart_id_product_id_8165df0d_uniq; Type: CONSTRAINT; Schema: public; Owner: -
--

ALTER TABLE ONLY public."Archives_cartitem"
    ADD CONSTRAINT "Archives_cartitem_cart_id_product_id_8165df0d_uniq" UNIQUE (cart_id, product_id);


--
-- TOC entry 4876 (class 2606 OID 16742)
-- Name: Archives_cartitem Archives_cartitem_pkey; Type: CONSTRAINT; Schema: public; Owner: -
--

ALTER TABLE ONLY public."Archives_cartitem"
    ADD CONSTRAINT "Archives_cartitem_pkey" PRIMARY KEY (id);


--
-- TOC entry 4856 (class 2606 OID 16715)
-- Name: Archives_category Archives_category_name_key; Type: CONSTRAINT; Schema: public; Owner: -
--

ALTER TABLE ONLY public."Archives_category"
    ADD CONSTRAINT "Archives_category_name_key" UNIQUE (name);


--
-- TOC entry 4858 (class 2606 OID 16713)
-- Name: Archives_category Archives_category_pkey; Type: CONSTRAINT; Schema: public; Owner: -
--

ALTER TABLE ONLY public."Archives_category"
    ADD CONSTRAINT "Archives_category_pkey" PRIMARY KEY (id);


--
-- TOC entry 4861 (class 2606 OID 16717)
-- Name: Archives_category Archives_category_slug_key; Type: CONSTRAINT; Schema: public; Owner: -
--

ALTER TABLE ONLY public."Archives_category"
    ADD CONSTRAINT "Archives_category_slug_key" UNIQUE (slug);


--
-- TOC entry 4868 (class 2606 OID 16733)
-- Name: Archives_product Archives_product_pkey; Type: CONSTRAINT; Schema: public; Owner: -
--

ALTER TABLE ONLY public."Archives_product"
    ADD CONSTRAINT "Archives_product_pkey" PRIMARY KEY (id);


--
-- TOC entry 4871 (class 2606 OID 16735)
-- Name: Archives_product Archives_product_slug_key; Type: CONSTRAINT; Schema: public; Owner: -
--

ALTER TABLE ONLY public."Archives_product"
    ADD CONSTRAINT "Archives_product_slug_key" UNIQUE (slug);


--
-- TOC entry 4825 (class 2606 OID 16627)
-- Name: archives_users archives_users_email_key; Type: CONSTRAINT; Schema: public; Owner: -
--

ALTER TABLE ONLY public.archives_users
    ADD CONSTRAINT archives_users_email_key UNIQUE (email);


--
-- TOC entry 4836 (class 2606 OID 16639)
-- Name: archives_users_groups archives_users_groups_pkey; Type: CONSTRAINT; Schema: public; Owner: -
--

ALTER TABLE ONLY public.archives_users_groups
    ADD CONSTRAINT archives_users_groups_pkey PRIMARY KEY (id);


--
-- TOC entry 4839 (class 2606 OID 16649)
-- Name: archives_users_groups archives_users_groups_user_id_group_id_1d64c593_uniq; Type: CONSTRAINT; Schema: public; Owner: -
--

ALTER TABLE ONLY public.archives_users_groups
    ADD CONSTRAINT archives_users_groups_user_id_group_id_1d64c593_uniq UNIQUE (user_id, group_id);


--
-- TOC entry 4828 (class 2606 OID 16629)
-- Name: archives_users archives_users_phone_key; Type: CONSTRAINT; Schema: public; Owner: -
--

ALTER TABLE ONLY public.archives_users
    ADD CONSTRAINT archives_users_phone_key UNIQUE (phone);


--
-- TOC entry 4830 (class 2606 OID 16623)
-- Name: archives_users archives_users_pkey; Type: CONSTRAINT; Schema: public; Owner: -
--

ALTER TABLE ONLY public.archives_users
    ADD CONSTRAINT archives_users_pkey PRIMARY KEY (id);


--
-- TOC entry 4841 (class 2606 OID 16663)
-- Name: archives_users_user_permissions archives_users_user_perm_user_id_permission_id_c20603b3_uniq; Type: CONSTRAINT; Schema: public; Owner: -
--

ALTER TABLE ONLY public.archives_users_user_permissions
    ADD CONSTRAINT archives_users_user_perm_user_id_permission_id_c20603b3_uniq UNIQUE (user_id, permission_id);


--
-- TOC entry 4844 (class 2606 OID 16647)
-- Name: archives_users_user_permissions archives_users_user_permissions_pkey; Type: CONSTRAINT; Schema: public; Owner: -
--

ALTER TABLE ONLY public.archives_users_user_permissions
    ADD CONSTRAINT archives_users_user_permissions_pkey PRIMARY KEY (id);


--
-- TOC entry 4833 (class 2606 OID 16625)
-- Name: archives_users archives_users_username_key; Type: CONSTRAINT; Schema: public; Owner: -
--

ALTER TABLE ONLY public.archives_users
    ADD CONSTRAINT archives_users_username_key UNIQUE (username);


--
-- TOC entry 4814 (class 2606 OID 16614)
-- Name: auth_group auth_group_name_key; Type: CONSTRAINT; Schema: public; Owner: -
--

ALTER TABLE ONLY public.auth_group
    ADD CONSTRAINT auth_group_name_key UNIQUE (name);


--
-- TOC entry 4819 (class 2606 OID 16600)
-- Name: auth_group_permissions auth_group_permissions_group_id_permission_id_0cd325b0_uniq; Type: CONSTRAINT; Schema: public; Owner: -
--

ALTER TABLE ONLY public.auth_group_permissions
    ADD CONSTRAINT auth_group_permissions_group_id_permission_id_0cd325b0_uniq UNIQUE (group_id, permission_id);


--
-- TOC entry 4822 (class 2606 OID 16589)
-- Name: auth_group_permissions auth_group_permissions_pkey; Type: CONSTRAINT; Schema: public; Owner: -
--

ALTER TABLE ONLY public.auth_group_permissions
    ADD CONSTRAINT auth_group_permissions_pkey PRIMARY KEY (id);


--
-- TOC entry 4816 (class 2606 OID 16581)
-- Name: auth_group auth_group_pkey; Type: CONSTRAINT; Schema: public; Owner: -
--

ALTER TABLE ONLY public.auth_group
    ADD CONSTRAINT auth_group_pkey PRIMARY KEY (id);


--
-- TOC entry 4809 (class 2606 OID 16591)
-- Name: auth_permission auth_permission_content_type_id_codename_01ab375a_uniq; Type: CONSTRAINT; Schema: public; Owner: -
--

ALTER TABLE ONLY public.auth_permission
    ADD CONSTRAINT auth_permission_content_type_id_codename_01ab375a_uniq UNIQUE (content_type_id, codename);


--
-- TOC entry 4811 (class 2606 OID 16575)
-- Name: auth_permission auth_permission_pkey; Type: CONSTRAINT; Schema: public; Owner: -
--

ALTER TABLE ONLY public.auth_permission
    ADD CONSTRAINT auth_permission_pkey PRIMARY KEY (id);


--
-- TOC entry 4848 (class 2606 OID 16684)
-- Name: django_admin_log django_admin_log_pkey; Type: CONSTRAINT; Schema: public; Owner: -
--

ALTER TABLE ONLY public.django_admin_log
    ADD CONSTRAINT django_admin_log_pkey PRIMARY KEY (id);


--
-- TOC entry 4804 (class 2606 OID 16569)
-- Name: django_content_type django_content_type_app_label_model_76bd3d3b_uniq; Type: CONSTRAINT; Schema: public; Owner: -
--

ALTER TABLE ONLY public.django_content_type
    ADD CONSTRAINT django_content_type_app_label_model_76bd3d3b_uniq UNIQUE (app_label, model);


--
-- TOC entry 4806 (class 2606 OID 16567)
-- Name: django_content_type django_content_type_pkey; Type: CONSTRAINT; Schema: public; Owner: -
--

ALTER TABLE ONLY public.django_content_type
    ADD CONSTRAINT django_content_type_pkey PRIMARY KEY (id);


--
-- TOC entry 4802 (class 2606 OID 16561)
-- Name: django_migrations django_migrations_pkey; Type: CONSTRAINT; Schema: public; Owner: -
--

ALTER TABLE ONLY public.django_migrations
    ADD CONSTRAINT django_migrations_pkey PRIMARY KEY (id);


--
-- TOC entry 4852 (class 2606 OID 16703)
-- Name: django_session django_session_pkey; Type: CONSTRAINT; Schema: public; Owner: -
--

ALTER TABLE ONLY public.django_session
    ADD CONSTRAINT django_session_pkey PRIMARY KEY (session_key);


--
-- TOC entry 4872 (class 1259 OID 16769)
-- Name: Archives_cartitem_cart_id_a84629ef; Type: INDEX; Schema: public; Owner: -
--

CREATE INDEX "Archives_cartitem_cart_id_a84629ef" ON public."Archives_cartitem" USING btree (cart_id);


--
-- TOC entry 4877 (class 1259 OID 16770)
-- Name: Archives_cartitem_product_id_58f3fa08; Type: INDEX; Schema: public; Owner: -
--

CREATE INDEX "Archives_cartitem_product_id_58f3fa08" ON public."Archives_cartitem" USING btree (product_id);


--
-- TOC entry 4854 (class 1259 OID 16743)
-- Name: Archives_category_name_6e02c29a_like; Type: INDEX; Schema: public; Owner: -
--

CREATE INDEX "Archives_category_name_6e02c29a_like" ON public."Archives_category" USING btree (name varchar_pattern_ops);


--
-- TOC entry 4859 (class 1259 OID 16744)
-- Name: Archives_category_slug_115f351e_like; Type: INDEX; Schema: public; Owner: -
--

CREATE INDEX "Archives_category_slug_115f351e_like" ON public."Archives_category" USING btree (slug varchar_pattern_ops);


--
-- TOC entry 4866 (class 1259 OID 16756)
-- Name: Archives_product_category_id_423afee6; Type: INDEX; Schema: public; Owner: -
--

CREATE INDEX "Archives_product_category_id_423afee6" ON public."Archives_product" USING btree (category_id);


--
-- TOC entry 4869 (class 1259 OID 16755)
-- Name: Archives_product_slug_97f73cc4_like; Type: INDEX; Schema: public; Owner: -
--

CREATE INDEX "Archives_product_slug_97f73cc4_like" ON public."Archives_product" USING btree (slug varchar_pattern_ops);


--
-- TOC entry 4823 (class 1259 OID 16631)
-- Name: archives_users_email_15ea2d39_like; Type: INDEX; Schema: public; Owner: -
--

CREATE INDEX archives_users_email_15ea2d39_like ON public.archives_users USING btree (email varchar_pattern_ops);


--
-- TOC entry 4834 (class 1259 OID 16661)
-- Name: archives_users_groups_group_id_621e4244; Type: INDEX; Schema: public; Owner: -
--

CREATE INDEX archives_users_groups_group_id_621e4244 ON public.archives_users_groups USING btree (group_id);


--
-- TOC entry 4837 (class 1259 OID 16660)
-- Name: archives_users_groups_user_id_bc355783; Type: INDEX; Schema: public; Owner: -
--

CREATE INDEX archives_users_groups_user_id_bc355783 ON public.archives_users_groups USING btree (user_id);


--
-- TOC entry 4826 (class 1259 OID 16632)
-- Name: archives_users_phone_fb0f137b_like; Type: INDEX; Schema: public; Owner: -
--

CREATE INDEX archives_users_phone_fb0f137b_like ON public.archives_users USING btree (phone varchar_pattern_ops);


--
-- TOC entry 4842 (class 1259 OID 16675)
-- Name: archives_users_user_permissions_permission_id_38687f42; Type: INDEX; Schema: public; Owner: -
--

CREATE INDEX archives_users_user_permissions_permission_id_38687f42 ON public.archives_users_user_permissions USING btree (permission_id);


--
-- TOC entry 4845 (class 1259 OID 16674)
-- Name: archives_users_user_permissions_user_id_94a9d846; Type: INDEX; Schema: public; Owner: -
--

CREATE INDEX archives_users_user_permissions_user_id_94a9d846 ON public.archives_users_user_permissions USING btree (user_id);


--
-- TOC entry 4831 (class 1259 OID 16630)
-- Name: archives_users_username_07ea76cf_like; Type: INDEX; Schema: public; Owner: -
--

CREATE INDEX archives_users_username_07ea76cf_like ON public.archives_users USING btree (username varchar_pattern_ops);


--
-- TOC entry 4812 (class 1259 OID 16615)
-- Name: auth_group_name_a6ea08ec_like; Type: INDEX; Schema: public; Owner: -
--

CREATE INDEX auth_group_name_a6ea08ec_like ON public.auth_group USING btree (name varchar_pattern_ops);


--
-- TOC entry 4817 (class 1259 OID 16611)
-- Name: auth_group_permissions_group_id_b120cbf9; Type: INDEX; Schema: public; Owner: -
--

CREATE INDEX auth_group_permissions_group_id_b120cbf9 ON public.auth_group_permissions USING btree (group_id);


--
-- TOC entry 4820 (class 1259 OID 16612)
-- Name: auth_group_permissions_permission_id_84c5c92e; Type: INDEX; Schema: public; Owner: -
--

CREATE INDEX auth_group_permissions_permission_id_84c5c92e ON public.auth_group_permissions USING btree (permission_id);


--
-- TOC entry 4807 (class 1259 OID 16597)
-- Name: auth_permission_content_type_id_2f476e4b; Type: INDEX; Schema: public; Owner: -
--

CREATE INDEX auth_permission_content_type_id_2f476e4b ON public.auth_permission USING btree (content_type_id);


--
-- TOC entry 4846 (class 1259 OID 16695)
-- Name: django_admin_log_content_type_id_c4bce8eb; Type: INDEX; Schema: public; Owner: -
--

CREATE INDEX django_admin_log_content_type_id_c4bce8eb ON public.django_admin_log USING btree (content_type_id);


--
-- TOC entry 4849 (class 1259 OID 16696)
-- Name: django_admin_log_user_id_c564eba6; Type: INDEX; Schema: public; Owner: -
--

CREATE INDEX django_admin_log_user_id_c564eba6 ON public.django_admin_log USING btree (user_id);


--
-- TOC entry 4850 (class 1259 OID 16705)
-- Name: django_session_expire_date_a5c62663; Type: INDEX; Schema: public; Owner: -
--

CREATE INDEX django_session_expire_date_a5c62663 ON public.django_session USING btree (expire_date);


--
-- TOC entry 4853 (class 1259 OID 16704)
-- Name: django_session_session_key_c0390e0f_like; Type: INDEX; Schema: public; Owner: -
--

CREATE INDEX django_session_session_key_c0390e0f_like ON public.django_session USING btree (session_key varchar_pattern_ops);


--
-- TOC entry 4887 (class 2606 OID 16745)
-- Name: Archives_cart Archives_cart_user_id_edf79d38_fk_archives_users_id; Type: FK CONSTRAINT; Schema: public; Owner: -
--

ALTER TABLE ONLY public."Archives_cart"
    ADD CONSTRAINT "Archives_cart_user_id_edf79d38_fk_archives_users_id" FOREIGN KEY (user_id) REFERENCES public.archives_users(id) DEFERRABLE INITIALLY DEFERRED;


--
-- TOC entry 4889 (class 2606 OID 16759)
-- Name: Archives_cartitem Archives_cartitem_cart_id_a84629ef_fk_Archives_cart_id; Type: FK CONSTRAINT; Schema: public; Owner: -
--

ALTER TABLE ONLY public."Archives_cartitem"
    ADD CONSTRAINT "Archives_cartitem_cart_id_a84629ef_fk_Archives_cart_id" FOREIGN KEY (cart_id) REFERENCES public."Archives_cart"(id) DEFERRABLE INITIALLY DEFERRED;


--
-- TOC entry 4890 (class 2606 OID 16764)
-- Name: Archives_cartitem Archives_cartitem_product_id_58f3fa08_fk_Archives_product_id; Type: FK CONSTRAINT; Schema: public; Owner: -
--

ALTER TABLE ONLY public."Archives_cartitem"
    ADD CONSTRAINT "Archives_cartitem_product_id_58f3fa08_fk_Archives_product_id" FOREIGN KEY (product_id) REFERENCES public."Archives_product"(id) DEFERRABLE INITIALLY DEFERRED;


--
-- TOC entry 4888 (class 2606 OID 16750)
-- Name: Archives_product Archives_product_category_id_423afee6_fk_Archives_category_id; Type: FK CONSTRAINT; Schema: public; Owner: -
--

ALTER TABLE ONLY public."Archives_product"
    ADD CONSTRAINT "Archives_product_category_id_423afee6_fk_Archives_category_id" FOREIGN KEY (category_id) REFERENCES public."Archives_category"(id) DEFERRABLE INITIALLY DEFERRED;


--
-- TOC entry 4881 (class 2606 OID 16655)
-- Name: archives_users_groups archives_users_groups_group_id_621e4244_fk_auth_group_id; Type: FK CONSTRAINT; Schema: public; Owner: -
--

ALTER TABLE ONLY public.archives_users_groups
    ADD CONSTRAINT archives_users_groups_group_id_621e4244_fk_auth_group_id FOREIGN KEY (group_id) REFERENCES public.auth_group(id) DEFERRABLE INITIALLY DEFERRED;


--
-- TOC entry 4882 (class 2606 OID 16650)
-- Name: archives_users_groups archives_users_groups_user_id_bc355783_fk_archives_users_id; Type: FK CONSTRAINT; Schema: public; Owner: -
--

ALTER TABLE ONLY public.archives_users_groups
    ADD CONSTRAINT archives_users_groups_user_id_bc355783_fk_archives_users_id FOREIGN KEY (user_id) REFERENCES public.archives_users(id) DEFERRABLE INITIALLY DEFERRED;


--
-- TOC entry 4883 (class 2606 OID 16669)
-- Name: archives_users_user_permissions archives_users_user__permission_id_38687f42_fk_auth_perm; Type: FK CONSTRAINT; Schema: public; Owner: -
--

ALTER TABLE ONLY public.archives_users_user_permissions
    ADD CONSTRAINT archives_users_user__permission_id_38687f42_fk_auth_perm FOREIGN KEY (permission_id) REFERENCES public.auth_permission(id) DEFERRABLE INITIALLY DEFERRED;


--
-- TOC entry 4884 (class 2606 OID 16664)
-- Name: archives_users_user_permissions archives_users_user__user_id_94a9d846_fk_archives_; Type: FK CONSTRAINT; Schema: public; Owner: -
--

ALTER TABLE ONLY public.archives_users_user_permissions
    ADD CONSTRAINT archives_users_user__user_id_94a9d846_fk_archives_ FOREIGN KEY (user_id) REFERENCES public.archives_users(id) DEFERRABLE INITIALLY DEFERRED;


--
-- TOC entry 4879 (class 2606 OID 16606)
-- Name: auth_group_permissions auth_group_permissio_permission_id_84c5c92e_fk_auth_perm; Type: FK CONSTRAINT; Schema: public; Owner: -
--

ALTER TABLE ONLY public.auth_group_permissions
    ADD CONSTRAINT auth_group_permissio_permission_id_84c5c92e_fk_auth_perm FOREIGN KEY (permission_id) REFERENCES public.auth_permission(id) DEFERRABLE INITIALLY DEFERRED;


--
-- TOC entry 4880 (class 2606 OID 16601)
-- Name: auth_group_permissions auth_group_permissions_group_id_b120cbf9_fk_auth_group_id; Type: FK CONSTRAINT; Schema: public; Owner: -
--

ALTER TABLE ONLY public.auth_group_permissions
    ADD CONSTRAINT auth_group_permissions_group_id_b120cbf9_fk_auth_group_id FOREIGN KEY (group_id) REFERENCES public.auth_group(id) DEFERRABLE INITIALLY DEFERRED;


--
-- TOC entry 4878 (class 2606 OID 16592)
-- Name: auth_permission auth_permission_content_type_id_2f476e4b_fk_django_co; Type: FK CONSTRAINT; Schema: public; Owner: -
--

ALTER TABLE ONLY public.auth_permission
    ADD CONSTRAINT auth_permission_content_type_id_2f476e4b_fk_django_co FOREIGN KEY (content_type_id) REFERENCES public.django_content_type(id) DEFERRABLE INITIALLY DEFERRED;


--
-- TOC entry 4885 (class 2606 OID 16685)
-- Name: django_admin_log django_admin_log_content_type_id_c4bce8eb_fk_django_co; Type: FK CONSTRAINT; Schema: public; Owner: -
--

ALTER TABLE ONLY public.django_admin_log
    ADD CONSTRAINT django_admin_log_content_type_id_c4bce8eb_fk_django_co FOREIGN KEY (content_type_id) REFERENCES public.django_content_type(id) DEFERRABLE INITIALLY DEFERRED;


--
-- TOC entry 4886 (class 2606 OID 16690)
-- Name: django_admin_log django_admin_log_user_id_c564eba6_fk_archives_users_id; Type: FK CONSTRAINT; Schema: public; Owner: -
--

ALTER TABLE ONLY public.django_admin_log
    ADD CONSTRAINT django_admin_log_user_id_c564eba6_fk_archives_users_id FOREIGN KEY (user_id) REFERENCES public.archives_users(id) DEFERRABLE INITIALLY DEFERRED;


-- Completed on 2026-02-09 20:20:01

--
-- PostgreSQL database dump complete
--

\unrestrict gwLhYa3OOedIiizxb9iWfQ65maEoBEppeCu6OWJYAUiBpx4cvsIWfXsS6vMBBWU

